Artificial Analysis Model Benchmarks Data,,,,,,,
,,,,,,,
Model Name,Model Slug,Release Date,Model Creator Name,Artificial Analysis Intelligence Index,Artificial Analysis Coding Index,Artificial Analysis Agentic Index,Intelligence Index Cost (USD)
gpt-oss-120b (high),gpt-oss-120b,2025-08-05,OpenAI,33.2657,28.6195,37.8733,67.3659
gpt-oss-20B (low),gpt-oss-20b-low,2025-08-05,OpenAI,20.7852,14.3729,21.8627,7.6768
gpt-oss-120b (low),gpt-oss-120b-low,2025-08-05,OpenAI,24.4666,15.5338,28.0382,15.8962
GPT-5.4 mini (medium),gpt-5-4-mini-medium,2026-03-17,OpenAI,37.7279,37.4649,40.2666,302.2914
gpt-oss-20B (high),gpt-oss-20b,2025-08-05,OpenAI,24.4696,18.529,27.596,19.2152
Grok-1,grok-1,2024-03-17,xAI,11.6902,,,
GPT-5.4 mini (xhigh),gpt-5-4-mini,2026-03-17,OpenAI,48.9037,51.4766,58.8786,1353.8664
GPT-5.4 nano (xhigh),gpt-5-4-nano,2026-03-17,OpenAI,43.9769,43.9078,47.6017,363.2685
o3,o3,2025-04-16,OpenAI,38.374,38.4049,36.0909,1025.332
GPT-5.5 (xhigh),gpt-5-5,2026-04-23,OpenAI,60.2376,59.1155,74.123,3357.0047
GPT-5.5 Instant (May 2026),gpt-5-5-instant-05-26,2026-05-05,OpenAI,41.7866,45.0652,38.0772,368.2912
GPT-5.5 (low),gpt-5-5-low,2026-04-23,OpenAI,50.7794,52.0553,59.6883,500.6733
GPT-5.4 nano,gpt-5-4-nano-non-reasoning,2026-03-17,OpenAI,24.3621,27.89,25.9206,23.5509
GPT-5.5 (high),gpt-5-5-high,2026-04-23,OpenAI,58.8681,58.5332,71.9538,2159.3806
GPT-5.4 mini,gpt-5-4-mini-non-reasoning,2026-03-17,OpenAI,23.279,25.3157,25.0051,56.3582
GPT-5.4 nano,gpt-5-4-nano-medium,2026-03-17,OpenAI,38.1081,35.0309,41.6443,90.567
GPT-5.5 (Non-reasoning),gpt-5-5-non-reasoning,2026-04-23,OpenAI,40.9367,48.6076,50.2384,360.6916
GPT-5.5 (medium),gpt-5-5-medium,2026-04-23,OpenAI,56.711,56.2079,69.3933,1199.1411
GPT-5.3 Codex (xhigh),gpt-5-3-codex,2026-02-05,OpenAI,53.5605,53.1004,60.5351,1571.5554
Llama 3.3 70B,llama-3-3-instruct-70b,2024-12-06,Meta,14.4886,10.7008,9.0873,85.5443
Llama 3.1 405B,llama-3-1-instruct-405b,2024-07-23,Meta,17.377,14.4992,6.3353,838.0486
Llama 3.2 90B (Vision),llama-3-2-instruct-90b-vision,2024-09-25,Meta,11.9013,,,
Llama 3.2 11B (Vision),llama-3-2-instruct-11b-vision,2024-09-25,Meta,8.7268,4.2473,4.8733,
Llama 4 Maverick,llama-4-maverick,2025-04-05,Meta,18.365,15.5794,7.2233,62.2819
Llama 4 Scout,llama-4-scout,2025-04-05,Meta,13.5176,6.6814,5.1657,26.4227
Muse Spark,muse-spark,2026-04-08,Meta,52.1537,47.4712,61.9892,0.0
Gemma 4 31B,gemma-4-31b,2026-04-02,Google,39.183,38.71,40.9425,0.0
Gemma 4 26B A4B,gemma-4-26b-a4b,2026-04-02,Google,31.215,22.4421,32.1495,41.5105
Gemma 4 26B A4B,gemma-4-26b-a4b-non-reasoning,2026-04-02,Google,27.0858,29.0895,28.9268,27.2504
Gemini 3.5 Flash (minimal),gemini-3-5-flash-minimal,2026-05-19,Google,43.3108,47.0889,50.9575,749.7231
Gemma 4 31B,gemma-4-31b-non-reasoning,2026-04-02,Google,32.2911,33.898,39.3851,19.4332
Gemini 3.5 Flash (medium),gemini-3-5-flash-medium,2026-05-19,Google,54.7833,43.9324,70.4318,1417.4857
Gemma 4 E2B,gemma-4-e2b-non-reasoning,2026-04-02,Google,12.098,8.3053,7.4074,0.0
Gemma 4 E4B,gemma-4-e4b,2026-04-03,Google,18.7616,13.696,6.9201,0.0
Gemma 4 E4B,gemma-4-e4b-non-reasoning,2026-04-03,Google,14.8339,6.3622,8.6745,0.0
Gemini 3.1 Flash-Lite,gemini-3-1-flash-lite-preview,2026-03-03,Google,33.5181,30.1277,25.6655,93.6011
Gemini 3.1 Pro Preview,gemini-3-1-pro-preview,2026-02-19,Google,57.1755,55.4959,59.086,892.2838
Gemini 3.5 Flash,gemini-3-5-flash,2026-05-19,Google,55.329,44.9811,70.2973,1551.6045
Gemma 3 270M,gemma-3-270m,2025-08-14,Google,7.7101,0.0,3.0214,
Gemini 2.5 Pro,gemini-2-5-pro,2025-06-05,Google,34.6276,31.9515,32.6803,648.3155
Gemma 4 E2B,gemma-4-e2b,2026-04-02,Google,15.2137,9.0032,6.9201,0.0
Claude Opus 4.7 (max),claude-opus-4-7,2026-04-16,Anthropic,57.2775,52.5147,71.2882,5117.1422
Claude Opus 4.8 (max),claude-opus-4-8,2026-05-28,Anthropic,61.4409,56.713,77.8083,4685.8505
Claude Sonnet 4.6 (Non-reasoning),claude-sonnet-4-6,2026-02-17,Anthropic,44.3845,46.4331,61.6212,1694.1935
"Claude Opus 4.7 (Non-reasoning, high)",claude-opus-4-7-non-reasoning,2026-04-16,Anthropic,51.8214,53.0689,64.6382,1217.2276
Claude 4.5 Haiku,claude-4-5-haiku-reasoning,2025-10-15,Anthropic,37.0918,32.6108,40.1632,619.6885
Claude 4.5 Haiku,claude-4-5-haiku,2025-10-15,Anthropic,31.0484,29.6402,32.5943,246.0135
Claude Sonnet 4.6 (max),claude-sonnet-4-6-adaptive,2026-02-17,Anthropic,51.7187,50.94,62.9992,4206.105
"Claude Sonnet 4.6 (Non-reasoning, Low Effort)",claude-sonnet-4-6-non-reasoning-low-effort,2026-02-17,Anthropic,42.6011,42.9819,57.4547,665.9955
Magistral Small 1.2,magistral-small-2509,2025-09-17,Mistral,18.1585,14.7587,17.3344,89.8345
Ministral 3 14B,ministral-3-14b,2025-12-02,Mistral,15.9834,10.9007,17.3912,23.1916
Ministral 3 8B,ministral-3-8b,2025-12-02,Mistral,14.841,9.9747,16.6569,21.4495
Mistral Large 3,mistral-large-3,2025-12-02,Mistral,22.8048,22.6817,21.6967,38.6737
Mistral Small 4,mistral-small-4-non-reasoning,2026-03-16,Mistral,18.6243,16.4457,18.5542,16.3655
Mistral Medium 3.5,mistral-medium-3-5,2026-04-29,Mistral,39.2258,35.4167,53.1604,1000.9537
Devstral Small 2,devstral-small-2,2025-12-09,Mistral,19.4672,20.7176,20.7857,0.0
Magistral Medium 1.2,magistral-medium-2509,2025-09-18,Mistral,27.1041,21.6646,24.4538,387.0984
Mistral Small 4,mistral-small-4,2026-03-16,Mistral,27.8035,24.2705,25.8653,47.8847
Ministral 3 3B,ministral-3-3b,2025-12-02,Mistral,11.2394,4.784,11.4439,15.9314
Devstral 2,devstral-2,2025-12-09,Mistral,22.0418,23.6602,21.8614,0.0
DeepSeek V4 Pro (High),deepseek-v4-pro-high,2026-04-24,DeepSeek,49.7899,43.2485,66.6506,172.5542
DeepSeek V4 Flash (Max),deepseek-v4-flash,2026-04-24,DeepSeek,46.5166,38.7065,61.2805,112.8566
DeepSeek V4 Flash (High),deepseek-v4-flash-high,2026-04-24,DeepSeek,45.9981,39.7622,62.3314,57.4318
DeepSeek V4 Pro (Max),deepseek-v4-pro,2026-04-24,DeepSeek,51.5094,47.4747,67.1927,267.8209
DeepSeek V4 Pro,deepseek-v4-pro-non-reasoning,2026-04-24,DeepSeek,39.2654,38.3628,63.2715,153.9679
DeepSeek V4 Flash,deepseek-v4-flash-non-reasoning,2026-04-24,DeepSeek,36.4592,35.1501,61.3281,40.0488
R1 1776,r1-1776,2025-02-18,Perplexity,11.9893,,,
Falcon-H1R-7B,falcon-h1r-7b,2026-01-04,TII UAE,15.7961,9.8099,9.2593,0.0
Grok 4.3 (high),grok-4-3,2026-04-30,xAI,53.1964,41.0318,65.888,395.1717
Grok 4.3 (low),grok-4-3-low,2026-04-30,xAI,43.8861,31.6428,50.4193,98.6759
Grok 4.3 (medium),grok-4-3-medium,2026-04-30,xAI,48.8032,35.0554,57.4654,161.4804
Grok 4.3 (Non-reasoning),grok-4-3-non-reasoning,2026-04-30,xAI,31.0184,25.0877,48.8049,259.524
Nova Micro,nova-micro,2024-12-03,Amazon,10.2683,4.1351,4.6784,6.3848
Nova 2.0 Omni,nova-2-0-omni,2025-11-26,Amazon,16.6099,13.8433,14.9123,598.3533
Nova 2.0 Lite (high),nova-2-0-lite-reasoning,2025-10-29,Amazon,34.5432,23.4182,37.3442,
Nova 2.0 Pro Preview (medium),nova-2-0-pro-reasoning-medium,2025-11-27,Amazon,35.7111,30.3977,46.9544,466.5514
Nova 2.0 Pro Preview (low),nova-2-0-pro-reasoning-low,2025-11-27,Amazon,31.9033,24.502,37.7058,204.6904
Nova 2.0 Lite,nova-2-0-lite,2025-10-29,Amazon,18.0299,12.5316,21.0614,411.0077
Nova 2.0 Omni (medium),nova-2-0-omni-reasoning-medium,2025-11-26,Amazon,28.0166,15.1059,38.2044,109.4471
Nova 2.0 Pro Preview,nova-2-0-pro,2025-11-27,Amazon,23.0613,20.4861,23.8791,1300.0975
Nova 2.0 Omni (low),nova-2-0-omni-reasoning-low,2025-11-26,Amazon,23.217,13.945,22.6121,75.6265
Nova Premier,nova-premier,2025-04-30,Amazon,19.0143,13.8433,16.4254,375.9791
Nova 2.0 Lite (medium),nova-2-0-lite-reasoning-medium,2025-10-29,Amazon,29.7271,23.8847,32.8509,182.8803
Nova 2.0 Lite (low),nova-2-0-lite-reasoning-low,2025-10-29,Amazon,24.5866,13.6364,27.7686,72.9573
Phi-4,phi-4,2024-12-12,Microsoft,10.4142,11.2058,0.0,
Phi-4 Mini,phi-4-mini,2024-02-26,Microsoft,8.39,3.588,2.729,0.0
Phi-4 Multimodal,phi-4-multimodal,2025-02-26,Microsoft,10.0404,,,
LFM2.5-1.2B-Thinking,lfm2-5-1-2b-thinking,2026-01-20,Liquid AI,8.0822,1.3889,6.5302,0.0
LFM2.5-VL-1.6B,lfm2-5-vl-1-6b,2026-01-05,Liquid AI,6.1795,1.0031,2.8265,0.0
LFM2 2.6B,lfm2-2-6b,2025-09-23,Liquid AI,8.0428,1.3538,4.4834,0.0
LFM2 8B A1B,lfm2-8b-a1b,2025-10-07,Liquid AI,7.0268,2.2762,3.5088,0.0
LFM2.5-1.2B-Instruct,lfm2-5-1-2b-instruct,2026-01-05,Liquid AI,8.0387,0.7716,3.6062,0.0
LFM2 24B A2B,lfm2-24b-a2b,2026-02-25,Liquid AI,10.4928,3.6265,3.7037,8.7823
Solar Open 100B,solar-open-100b-reasoning,2025-12-17,Upstage,21.6669,10.4658,24.2868,0.0
Solar Pro 2,solar-pro-2-reasoning,2025-07-09,Upstage,14.9238,12.0896,11.4321,0.0
Solar Pro 3,solar-pro-3,2026-04-06,Upstage,25.873,13.2681,34.9161,0.0
Solar Pro 2,solar-pro-2,2025-07-09,Upstage,13.5904,11.2865,12.7061,0.0
MiniMax-M3,minimax-m3,2026-06-01,MiniMax,54.6748,43.4063,68.6217,306.7883
MiniMax-M2.7,minimax-m2-7,2026-03-18,MiniMax,49.6153,41.9262,61.4895,175.5066
Llama 3.1 Nemotron 70B,llama-3-1-nemotron-instruct-70b,2024-10-15,NVIDIA,13.4388,10.7849,7.6998,73.5355
Nemotron 3 Nano Omni 30B A3B Reasoning,nemotron-3-nano-omni-30b-a3b,2026-04-29,NVIDIA,21.4254,14.8148,23.8735,39.3668
NVIDIA Nemotron 3 Super,nvidia-nemotron-3-super-120b-a12b,2026-03-11,NVIDIA,35.9698,31.1904,40.1814,140.395
Nemotron 3 Ultra,nvidia-nemotron-3-ultra-550b-a55b,2026-06-04,NVIDIA,47.6726,37.5526,57.0647,386.8913
NVIDIA Nemotron 3 Nano,nvidia-nemotron-3-nano-30b-a3b,2025-12-15,NVIDIA,13.1698,15.7583,8.4795,13.7329
NVIDIA Nemotron Nano 9B V2,nvidia-nemotron-nano-9b-v2,2025-08-18,NVIDIA,13.1593,7.4881,7.7973,15.1569
NVIDIA Nemotron Nano 12B v2 VL,nvidia-nemotron-nano-12b-v2-vl,2025-10-28,NVIDIA,10.0894,5.8642,6.4327,78.5458
NVIDIA Nemotron Nano 12B v2 VL,nvidia-nemotron-nano-12b-v2-vl-reasoning,2025-10-28,NVIDIA,14.8876,11.7494,7.115,123.0822
NVIDIA Nemotron 3 Nano,nvidia-nemotron-3-nano-30b-a3b-reasoning,2025-12-15,NVIDIA,24.2725,18.9675,19.1425,42.0761
Llama Nemotron Ultra,llama-3-1-nemotron-ultra-253b-v1-reasoning,2025-04-07,NVIDIA,15.018,13.0892,3.8012,486.8199
NVIDIA Nemotron Nano 9B V2,nvidia-nemotron-nano-9b-v2-reasoning,2025-08-18,NVIDIA,14.7575,8.3403,9.4338,10.5264
Llama Nemotron Super 49B v1.5,llama-nemotron-super-49b-v1-5-reasoning,2025-07-25,NVIDIA,18.6806,15.148,9.3567,37.1781
Nemotron Cascade 2 30B A3B,nemotron-cascade-2-30b-a3b,2026-03-19,NVIDIA,28.3521,25.7541,26.1516,0.0
NVIDIA Nemotron 3 Nano 4B,nvidia-nemotron-3-nano-4b,2026-03-16,NVIDIA,14.68,10.0238,9.7533,0.0
Llama Nemotron Super 49B v1.5,llama-nemotron-super-49b-v1-5,2025-07-25,NVIDIA,14.5859,10.4728,8.3821,20.6853
Kimi K2.6,kimi-k2-6,2026-04-20,Kimi,53.9045,47.117,65.9688,947.868
Llama 65B,llama-65b,2023-02-24,Meta,7.4139,,,
Kimi K2.6,kimi-k2-6-non-reasoning,2026-04-20,Kimi,42.9485,38.4084,58.7288,504.6224
Kimi Linear 48B A3B Instruct,kimi-linear-48b-a3b-instruct,2025-10-30,Kimi,14.4146,14.2116,,
Step3 VL 10B,step-3-vl-10b,2026-01-20,StepFun,15.4519,13.9134,5.3606,0.0
Step 3.5 Flash 2603,step-3-5-flash,2026-04-02,StepFun,38.4677,34.5644,48.2306,95.3034
Step 3.7 Flash,step-3-7-flash,2026-05-29,StepFun,42.5912,37.0861,59.5264,367.7434
Olmo 3.1 32B Instruct,olmo-3-1-32b-instruct,2026-01-13,Allen Institute for AI,12.1605,5.5556,7.115,0.0
Molmo 7B-D,molmo-7b-d,2024-09-25,Allen Institute for AI,9.2476,1.196,,
Olmo 3 7B,olmo-3-7b-instruct,2025-11-20,Allen Institute for AI,8.1493,3.4336,4.191,29.6786
Olmo 3.1 32B Think,olmo-3-1-32b-think,2025-12-12,Allen Institute for AI,13.9354,9.7608,0.0,
Olmo 3 7B Think,olmo-3-7b-think,2025-11-20,Allen Institute for AI,9.4276,7.5652,0.0,
Molmo2-8B,molmo2-8b,2025-12-11,Allen Institute for AI,7.2955,4.4367,0.0,
Granite 4.0 H Small,granite-4-0-h-small,2025-09-22,IBM,10.8109,8.4982,5.7505,4.4809
Granite 4.0 H 350M,granite-4-0-h-350m,2025-10-28,IBM,5.4434,0.5787,4.8733,0.0
Granite 4.1 30B,granite-4-1-30b,2026-04-29,IBM,14.6921,10.1185,14.0351,0.0
Granite 4.0 1B,granite-4-0-nano-1b,2025-10-28,IBM,7.3388,2.8935,7.6023,0.0
Granite 4.1 3B,granite-4-1-3b,2026-04-29,IBM,8.5447,5.4889,6.5302,0.0
Granite 4.1 8B,granite-4-1-8b,2026-04-29,IBM,12.3806,7.2531,10.6658,7.4802
Granite 4.0 350M,granite-4-0-350m,2025-10-28,IBM,6.1023,0.3086,4.386,0.0
Granite 4.0 H 1B,granite-4-0-h-nano-1b,2025-10-28,IBM,7.9858,2.7392,6.5302,0.0
Granite 4.0 Micro,granite-4-0-micro,2025-09-22,IBM,7.6725,4.9839,4.191,0.0
Mercury 2,mercury-2,2026-02-20,Inception,32.8235,30.5626,39.7397,80.6828
Reka Flash 3,reka-flash-3,2025-03-10,Reka AI,9.5234,8.912,0.0,
Hermes 4 70B,hermes-4-llama-3-1-70b,2025-08-27,Nous Research,12.6298,9.2207,9.9572,29.847
Hermes 4 405B,hermes-4-llama-3-1-405b,2025-08-27,Nous Research,17.6291,18.1012,11.7586,178.6964
DeepHermes 3 - Mistral 24B,deephermes-3-mistral-24b-preview,2025-03-13,Nous Research,10.8883,,,
DeepHermes 3 - Llama-3.1 8B,deephermes-3-llama-3-1-8b-preview,2025-02-13,Nous Research,7.5781,,,
Hermes 4 70B,hermes-4-llama-3-1-70b-reasoning,2025-08-27,Nous Research,15.9947,14.4115,11.6973,47.993
Hermes 4 405B,hermes-4-llama-3-1-405b-reasoning,2025-08-27,Nous Research,18.5583,15.9863,12.6437,294.4503
K-EXAONE,k-exaone,2025-12-31,LG AI Research,32.1235,27.0342,38.1405,0.0
K-EXAONE,k-exaone-non-reasoning,2025-12-31,LG AI Research,23.4059,13.5347,31.2155,0.0
EXAONE 4.0 32B,exaone-4-0-32b-reasoning,2025-07-15,LG AI Research,16.6782,13.9836,9.5308,0.0
Exaone 4.0 1.2B,exaone-4-0-1-2b,2025-07-15,LG AI Research,8.1086,2.4691,6.8226,0.0
EXAONE 4.5 33B,exaone-4-5-33b,2026-04-09,LG AI Research,30.2255,22.9728,36.5031,0.0
EXAONE 4.0 32B,exaone-4-0-32b,2025-07-15,LG AI Research,11.6551,9.4206,1.3645,0.0
Exaone 4.0 1.2B,exaone-4-0-1-2b-reasoning,2025-07-15,LG AI Research,8.2556,3.0864,5.4581,0.0
MiMo-V2.5-Pro,mimo-v2-5-pro-non-reasoning,2026-04-22,Xiaomi,35.5859,36.7775,50.7533,633.1124
MiMo-V2-Omni-0327,mimo-v2-omni-0327,2026-03-27,Xiaomi,44.932,36.8932,58.6322,218.1398
MiMo-V2.5-Pro,mimo-v2-5-pro,2026-04-22,Xiaomi,53.8287,45.5317,67.4385,160.8169
MiMo-V2-Flash,mimo-v2-flash,2025-12-16,Xiaomi,30.3481,25.8137,47.344,21.3815
MiMo-V2-Omni,mimo-v2-omni,2026-03-19,Xiaomi,43.3995,35.4623,58.5619,0.0
MiMo-V2.5,mimo-v2-5-0424,2026-04-22,Xiaomi,49.0344,42.1296,65.5299,49.2969
Qwen Chat 14B,qwen-chat-14b,2023-09-25,Alibaba,7.4139,,,
MiMo-V2-Flash (Feb 2026),mimo-v2-0206,2025-12-16,Xiaomi,41.4588,33.4771,48.7648,66.5448
ERNIE 4.5 300B A47B,ernie-4-5-300b-a47b,2025-06-30,Baidu,14.9575,14.5342,0.0,
ERNIE 5.0 Thinking Preview,ernie-5-0-thinking-preview,2025-11-13,Baidu,29.0875,29.1667,39.7431,0.0
Sarvam 105B (high),sarvam-105b,2026-03-06,Sarvam,18.1574,9.8064,24.6918,18.6589
Sarvam 30B (high),sarvam-30b,2026-03-06,Sarvam,12.3446,7.9195,11.501,15.2605
Hy3-preview,hy3-non-reasoning,2026-04-23,Tencent,33.6648,34.3294,46.6972,36.0689
Hy3-preview,hy3,2026-04-23,Tencent,41.8528,36.4618,55.6654,84.4303
KAT-Coder-Pro V1,kat-coder-pro-v1,2025-11-11,KwaiKAT,36.0287,18.252,41.7421,76.1631
KAT-Coder-Pro V2,kat-coder-pro-v2,2026-03-27,KwaiKAT,43.8335,45.5983,50.6777,73.4941
INTELLECT-3,intellect-3,2025-11-27,Prime Intellect,22.1742,19.1007,19.8119,0.0
Motif-2-12.7B,motif-2-12-7b,2025-12-04,Motif Technologies,19.0794,11.9388,19.1676,0.0
K2 Think V2,k2-think-v2,2025-12-15,MBZUAI Institute of Foundation Models,24.1199,15.5408,15.3129,0.0
K2-V2 (medium),k2-v2-medium,2025-12-05,MBZUAI Institute of Foundation Models,18.6843,13.966,13.8745,0.0
K2-V2 (high),k2-v2,2025-12-05,MBZUAI Institute of Foundation Models,20.6131,16.095,14.4271,0.0
K2-V2 (low),k2-v2-low,2025-12-05,MBZUAI Institute of Foundation Models,14.4439,10.4763,6.9201,0.0
Mi:dm K 2.5 Pro,mi-dm-k-2-5-pro-dec28,2025-12-11,Korea Telecom,23.059,12.5684,36.7561,0.0
HyperCLOVA X SEED Think (32B),hyperclova-x-seed-think-32b,2025-12-26,Naver,23.7207,17.533,37.9569,0.0
LongCat Flash Lite,longcat-flash-lite,2026-01-28,LongCat,23.9317,16.5229,38.7615,0.0
Tri-21B-think Preview,tri-21b-think-preview,2026-02-10,Trillion Labs,19.9918,7.4429,31.0916,0.0
Tri-21B-Think,tri-21b-think-v0-5,2026-02-10,Trillion Labs,18.6172,6.2921,26.9981,0.0
Nanbeige4.1-3B,nanbeige4-1-3b,2026-02-11,Nanbeige,16.0832,8.8661,7.2125,0.0
Apertus 70B Instruct,apertus-70b-instruct,2025-09-02,Swiss AI Initiative,7.7014,1.8904,4.2885,
Apertus 8B Instruct,apertus-8b-instruct,2025-09-02,Swiss AI Initiative,5.8774,1.3503,3.8012,
MiniCPM5-1B,minicpm5-1b,2026-05-25,OpenBMB,18.1717,1.466,26.9981,0.0
MiniCPM5-1B,minicpm5-1b-non-reasoning,2026-05-25,OpenBMB,17.9306,0.463,27.4854,0.0
MiniCPM-V 4.6 1.3B,minicpm-v4-6-1-3b,2026-05-11,OpenBMB,12.655,0.6944,29.2398,0.0
Trinity Large Thinking,trinity-large-thinking,2026-04-01,Arcee AI,31.8709,27.1886,42.6071,174.9844
JT-35B-Flash,jt-35b-flash,2026-05-14,China Mobile,36.1422,28.8756,52.2501,0.0
JT-MINI,jt-mini,2026-04-15,China Mobile,25.3724,21.1876,42.3583,0.0
GLM-5.1,glm-5-1,2026-04-07,Z AI,51.4081,43.3712,67.0546,
GLM-5.1,glm-5-1-non-reasoning,2026-04-07,Z AI,43.8161,35.7744,66.0436,617.5646
GLM 5V Turbo,glm-5v-turbo,2026-04-01,Z AI,42.8536,36.2233,61.0658,0.0
GLM-5-Turbo,glm-5-turbo,2026-03-15,Z AI,46.758,36.767,66.1268,0.0
Command A,command-a,2025-03-13,Cohere,13.4789,9.8801,5.0682,299.1816
Command A+,command-a-plus,2026-05-20,Cohere,37.1569,29.2824,40.9029,0.0
Tiny Aya Global,tiny-aya-global,2026-02-17,Cohere,4.7356,1.196,0.0,
Apriel-v1.6-15B-Thinker,apriel-v1-6-15b-thinker,2025-11-25,ServiceNow,27.5773,22.0188,28.6192,0.0
Jamba 1.7 Mini,jamba-1-7-mini,2025-07-07,AI21 Labs,8.0674,3.0864,4.191,0.0
Jamba Reasoning 3B,jamba-reasoning-3b,2025-10-08,AI21 Labs,9.5965,2.4726,5.2632,0.0
Jamba 1.7 Large,jamba-1-7-large,2025-07-07,AI21 Labs,10.8783,7.7652,4.4834,965.3349
Qwen3.7 Max,qwen3-7-max,2026-05-19,Alibaba,56.5845,50.1192,66.5557,1202.4919
Qwen3.6 35B A3B,qwen3-6-35b-a3b-non-reasoning,2026-04-16,Alibaba,31.5271,17.5961,52.5275,189.4583
Qwen3 Next 80B A3B,qwen3-next-80b-a3b-reasoning,2025-09-11,Alibaba,26.7232,19.49,23.5571,357.342
Qwen3 Omni 30B A3B,qwen3-omni-30b-a3b-reasoning,2025-09-22,Alibaba,15.6245,12.7104,10.6067,132.3058
Qwen3.7 Plus,qwen3-7-plus,2026-06-01,Alibaba,53.2528,46.4752,65.1285,208.8868
Qwen3.6 27B,qwen3-6-27b,2026-04-22,Alibaba,45.8228,36.5039,62.8548,658.6692
Qwen3.6 35B A3B,qwen3-6-35b-a3b,2026-04-16,Alibaba,43.4942,35.1536,58.3373,279.682
Qwen3.5 122B A10B,qwen3-5-122b-a10b,2026-02-24,Alibaba,41.6024,34.7117,53.0015,353.9422
Qwen3.5 122B A10B,qwen3-5-122b-a10b-non-reasoning,2026-02-24,Alibaba,35.8707,31.5797,49.5052,166.375
Qwen3.5 2B,qwen3-5-2b-non-reasoning,2026-03-02,Alibaba,14.6715,4.9161,27.193,13.3493
Qwen3.5 9B,qwen3-5-9b,2026-03-02,Alibaba,32.4263,25.3437,37.4182,82.0596
Qwen3.5 0.8B,qwen3-5-0-8b,2026-03-02,Alibaba,10.5199,0.0,15.8869,14.6562
Qwen3.5 397B A17B,qwen3-5-397b-a17b,2026-02-16,Alibaba,45.0466,41.2774,55.8272,417.5445
Qwen3.5 397B A17B,qwen3-5-397b-a17b-non-reasoning,2026-02-16,Alibaba,40.0985,37.4334,53.3175,186.3738
Qwen3.5 Omni Flash,qwen3-5-omni-flash,2026-03-30,Alibaba,25.8693,14.0432,41.6288,38.8016
Qwen3.5 9B,qwen3-5-9b-non-reasoning,2026-03-02,Alibaba,27.3325,21.3486,41.0961,0.0
Qwen3 Next 80B A3B,qwen3-next-80b-a3b-instruct,2025-09-11,Alibaba,20.106,15.2743,14.1861,132.9727
Qwen3.6 27B,qwen3-6-27b-non-reasoning,2026-04-22,Alibaba,37.1444,26.5643,60.8633,234.3516
Qwen3 Coder Next,qwen3-coder-next,2026-02-03,Alibaba,28.2771,22.8851,42.0962,124.5388
Qwen3.5 4B,qwen3-5-4b-non-reasoning,2026-03-02,Alibaba,22.6013,13.6714,36.2551,26.2178
Qwen3 Omni 30B A3B,qwen3-omni-30b-a3b-instruct,2025-09-22,Alibaba,10.6765,7.2215,5.4581,85.0673
Qwen3.6 Plus,qwen3-6-plus,2026-04-02,Alibaba,49.9849,42.8732,61.6724,482.6505
Qwen3.5 4B,qwen3-5-4b,2026-03-02,Alibaba,27.0756,17.4883,32.4612,44.8713
Qwen3.5 2B,qwen3-5-2b,2026-03-02,Alibaba,16.291,3.4512,23.0019,45.6103
Qwen3.5 0.8B,qwen3-5-0-8b-non-reasoning,2026-03-02,Alibaba,9.9144,0.9645,21.7349,6.6736
Qwen3.5 35B A3B,qwen3-5-35b-a3b-non-reasoning,2026-02-24,Alibaba,30.6853,16.8315,48.0434,125.6071
Qwen3.5 Omni Plus,qwen3-5-omni-plus,2026-03-30,Alibaba,38.6333,27.6445,52.8265,149.7274
Ring-flash-2.0,ring-flash-2-0,2025-09-19,InclusionAI,14.0167,10.6446,0.0,
Ling-2.6-1T,ling-2-6-1t,2026-04-23,InclusionAI,33.6085,33.0527,48.2096,95.0488
Ling-mini-2.0,ling-mini-2-0,2025-09-09,InclusionAI,9.1851,5.0189,4.386,0.0
Ring-2.6-1T,ring-2-6-1t,2026-05-08,InclusionAI,38.4564,33.3123,51.51,333.6863
Ling 2.6 Flash,ling-2-6-flash,2026-04-21,InclusionAI,26.1637,23.1692,38.0594,22.9
Doubao Seed Code,doubao-seed-code,2025-11-11,ByteDance Seed,33.5247,31.257,36.4469,0.0
o1,o1,2024-12-05,OpenAI,30.7489,20.5072,31.0791,3270.3573
o1-preview,o1-preview,2024-09-12,OpenAI,23.7429,34.0453,,
o1-mini,o1-mini,2024-09-12,OpenAI,20.3869,,,
GPT-4o (Aug),gpt-4o-2024-08-06,2024-08-06,OpenAI,18.6414,16.5895,9.693,221.0258
GPT-4o (May),gpt-4o-2024-05-13,2024-05-13,OpenAI,14.4985,24.2437,,
GPT-4 Turbo,gpt-4-turbo,2023-11-06,OpenAI,13.7153,21.4873,,
GPT-4o (Nov),gpt-4o,2024-11-20,OpenAI,17.3233,16.6667,8.3821,196.9745
GPT-4o mini,gpt-4o-mini,2024-07-18,OpenAI,12.6473,,,
GPT-3.5 Turbo,gpt-35-turbo,2022-11-30,OpenAI,8.9897,10.6542,,
GPT-4.1 nano,gpt-4-1-nano,2025-04-14,OpenAI,13.0413,11.1672,5.7505,31.0258
GPT-5.4 (Non-reasoning),gpt-5-4-non-reasoning,2026-03-05,OpenAI,35.3898,40.9547,39.1411,271.7413
GPT-5.4 (low),gpt-5-4-low,2026-03-05,OpenAI,47.9407,45.5703,58.2234,413.3681
GPT-5.4 (xhigh),gpt-5-4,2026-03-05,OpenAI,56.7997,57.2496,67.9579,2851.0114
GPT-5.2 Codex (xhigh),gpt-5-2-codex,2025-12-11,OpenAI,49.0346,42.9574,56.5194,3244.3265
GPT-5.1 Codex (high),gpt-5-1-codex,2025-11-13,OpenAI,43.1145,36.6197,50.6783,891.9697
GPT-5 nano (minimal),gpt-5-nano-minimal,2025-08-07,OpenAI,13.8399,14.2291,8.577,24.8813
o3-mini (high),o3-mini-high,2025-01-31,OpenAI,25.2105,17.3023,20.851,314.7215
GPT-5 mini (high),gpt-5-mini,2025-08-07,OpenAI,41.1708,35.3009,45.4786,168.4577
o3-mini,o3-mini,2025-01-31,OpenAI,25.8632,17.8556,,
GPT-4.1,gpt-4-1,2025-04-14,OpenAI,26.2763,21.7838,27.2629,277.8067
GPT-5 (high),gpt-5,2025-08-07,OpenAI,44.6256,36.0304,54.6521,912.5609
GPT-5.2 (xhigh),gpt-5-2,2025-12-11,OpenAI,51.2766,48.6742,60.1955,2304.2197
GPT-5.1 (high),gpt-5-1,2025-11-13,OpenAI,47.6964,44.732,51.2614,778.9717
GPT-4o (Mar),gpt-4o-chatgpt-03-25,2025-03-27,OpenAI,18.5585,,,
GPT-4.5 (Preview),gpt-4-5,2025-02-27,OpenAI,19.9568,,,
GPT-5 Codex (high),gpt-5-codex,2025-09-23,OpenAI,44.6313,38.8714,52.7092,994.7661
GPT-5 (medium),gpt-5-medium,2025-08-07,OpenAI,42.0293,38.9485,45.826,551.7241
GPT-4,gpt-4,2023-03-14,OpenAI,12.7543,13.1424,,
GPT-5.2,gpt-5-2-non-reasoning,2025-12-11,OpenAI,33.5705,34.6766,39.5258,225.439
GPT-5 (low),gpt-5-low,2025-08-07,OpenAI,39.1972,30.7169,49.6942,227.7876
o4-mini (high),o4-mini,2025-04-16,OpenAI,33.0617,25.6103,36.0866,460.8724
GPT-5.2 (medium),gpt-5-2-medium,2025-12-11,OpenAI,46.6414,44.1814,54.9308,699.6477
GPT-5 nano (medium),gpt-5-nano-medium,2025-08-07,OpenAI,25.8811,22.8816,16.7848,25.8504
GPT-4.1 mini,gpt-4-1-mini,2025-04-14,OpenAI,22.8989,18.515,25.152,53.7334
GPT-4o (ChatGPT),gpt-4o-chatgpt,2025-02-15,OpenAI,14.107,,,
GPT-5 mini (minimal),gpt-5-mini-minimal,2025-08-07,OpenAI,20.6834,21.9031,13.4147,25.1637
GPT-5 mini (medium),gpt-5-mini-medium,2025-08-07,OpenAI,38.9362,32.8493,40.9239,61.9119
GPT-5 (minimal),gpt-5-minimal,2025-08-07,OpenAI,23.8866,25.0456,22.8642,151.7227
o3-pro,o3-pro,2025-06-10,OpenAI,40.6899,,,
GPT-5.1,gpt-5-1-non-reasoning,2025-11-13,OpenAI,27.4189,27.3043,32.1637,94.7318
GPT-5 nano (high),gpt-5-nano,2025-08-07,OpenAI,26.8329,20.2722,23.2493,51.7058
o1-pro,o1-pro,2025-03-19,OpenAI,25.7608,,,
GPT-5 (ChatGPT),gpt-5-chatgpt,2025-08-07,OpenAI,21.8346,21.2016,,
GPT-5.1 Codex mini (high),gpt-5-1-codex-mini,2025-11-13,OpenAI,38.6251,36.4198,38.6684,201.5973
Llama 3.1 70B,llama-3-1-instruct-70b,2024-07-23,Meta,12.4733,10.9322,5.0682,138.2688
Llama 3.1 8B,llama-3-1-instruct-8b,2024-07-23,Meta,11.7584,4.9032,5.4581,27.7078
Llama 3.2 3B,llama-3-2-instruct-3b,2024-09-25,Meta,9.7022,,,
Llama 3 70B,llama-3-instruct-70b,2024-04-18,Meta,8.8789,6.7917,0.0,
Llama 3 8B,llama-3-instruct-8b,2024-04-18,Meta,6.382,3.9801,0.0,
Llama 3.2 1B,llama-3-2-instruct-1b,2024-09-25,Meta,6.2771,0.5787,0.0,
Llama 2 Chat 13B,llama-2-chat-13b,2023-07-18,Meta,8.3576,,,
Llama 2 Chat 70B,llama-2-chat-70b,2023-07-18,Meta,8.3708,,,
Llama 2 Chat 7B,llama-2-chat-7b,2023-07-18,Meta,9.7385,,,
Gemini 2.0 Pro Experimental,gemini-2-0-pro-experimental-02-05,2025-02-05,Google,18.0526,25.5479,,
Gemini 2.0 Flash (exp),gemini-2-0-flash-experimental,2024-12-11,Google,16.7745,,,
Gemini 1.5 Pro (Sep),gemini-1-5-pro,2024-09-24,Google,15.9941,23.6279,,
Gemini 2.0 Flash-Lite (Preview),gemini-2-0-flash-lite-preview,2025-02-05,Google,14.4871,,,
Gemini 2.0 Flash,gemini-2-0-flash,2025-02-05,Google,18.5111,13.6364,15.7689,18.8562
Gemini 1.5 Flash (Sep),gemini-1-5-flash,2024-09-24,Google,13.7913,,,
Gemini 1.5 Flash-8B,gemini-1-5-flash-8b,2024-10-03,Google,11.1317,,,
Gemma 3 27B,gemma-3-27b,2025-03-12,Google,10.3147,9.5854,3.5088,19.5232
Gemini 3 Flash,gemini-3-flash-reasoning,2025-12-17,Google,46.429,42.6171,49.664,278.2605
Gemini 2.0 Flash-Lite (Feb),gemini-2-0-flash-lite-001,2025-02-25,Google,14.7022,,,
Gemini 3 Flash,gemini-3-flash,2025-12-17,Google,35.0479,37.8402,35.0148,65.9798
Gemma 3 12B,gemma-3-12b,2025-03-12,Google,8.786,6.2921,3.6062,20.1636
Gemini 2.5 Flash-Lite (Sep),gemini-2-5-flash-lite-preview-09-2025,2025-09-25,Google,19.4193,14.5412,10.1365,33.3884
Gemini 2.5 Flash,gemini-2-5-flash-reasoning-04-2025,2025-04-17,Google,24.2928,,,
Gemini 2.5 Flash,gemini-2-5-flash,2025-05-20,Google,20.5637,17.7645,15.0059,84.2727
Gemma 3 1B,gemma-3-1b,2025-03-13,Google,5.552,0.2315,3.5088,
Gemma 3 4B,gemma-3-4b,2025-03-12,Google,6.3021,2.9356,1.6569,6.518
Gemma 3n E4B,gemma-3n-e4b,2025-06-26,Google,6.3793,4.2158,1.6569,5.7215
Gemini 3 Pro Preview (high),gemini-3-pro,2025-11-18,Google,48.3935,46.4892,51.9807,819.8373
Gemini 2.5 Flash,gemini-2-5-flash-04-2025,2025-04-17,Google,17.8448,,,
Gemini 2.5 Flash-Lite,gemini-2-5-flash-lite-reasoning,2025-06-17,Google,17.5744,9.4732,6.1404,77.8559
Gemini 2.0 Flash Thinking exp. (Dec),gemini-2-0-flash-thinking-exp-1219,2024-12-19,Google,12.3318,,,
Gemma 3n E2B,gemma-3n-e2b,2025-06-26,Google,4.7612,2.2412,0.0,
Gemini 2.5 Flash (Sep),gemini-2-5-flash-preview-09-2025-reasoning,2025-09-25,Google,31.1416,24.6142,34.6679,0.0
Gemma 3n E4B (May),gemma-3n-e4b-preview-0520,2025-05-20,Google,10.059,,,
Gemini 2.0 Flash Thinking exp. (Jan),gemini-2-0-flash-thinking-exp-0121,2025-01-21,Google,19.6028,24.1093,,
Gemini 3 Pro Preview (low),gemini-3-pro-low,2025-11-18,Google,41.2967,39.3554,45.0494,354.9705
Gemini 2.5 Pro (May),gemini-2-5-pro-05-06,2025-05-06,Google,29.5476,,,
Gemini 1.5 Pro (May),gemini-1-5-pro-may-2024,2024-05-15,Google,11.9956,19.7849,,
Gemini 2.5 Flash-Lite,gemini-2-5-flash-lite,2025-06-17,Google,12.6594,7.4179,6.3353,29.8749
Gemini 2.5 Flash,gemini-2-5-flash-reasoning,2025-05-20,Google,27.0414,22.2082,18.7615,171.9476
Gemini 1.5 Flash (May),gemini-1-5-flash-may-2024,2024-05-14,Google,10.4613,,,
Gemini 1.0 Ultra,gemini-1-0-ultra,2023-12-06,Google,10.1467,17.6498,,
Gemini 1.0 Pro,gemini-1-0-pro,2023-12-06,Google,8.5018,,,
PALM-2,palm-2,2023-05-10,Google,8.594,4.5591,,
Gemini 2.5 Flash (Sep),gemini-2-5-flash-preview-09-2025,2025-09-25,Google,25.6963,22.096,22.9934,0.0
Gemini 2.5 Flash-Lite (Sep),gemini-2-5-flash-lite-preview-09-2025-reasoning,2025-09-08,Google,21.6455,18.1538,11.6739,38.2122
Gemini 2.5 Pro (Mar),gemini-2-5-pro-03-25,2025-03-25,Google,30.2957,46.7293,,
Claude 3.5 Sonnet (Oct),claude-35-sonnet,2024-10-22,Anthropic,15.9269,30.1639,,
Claude 3.5 Sonnet (June),claude-35-sonnet-june-24,2024-06-21,Anthropic,14.1703,26.0431,,
Claude 3 Opus,claude-3-opus,2024-03-04,Anthropic,18.0,19.5267,,
Claude 3.5 Haiku,claude-3-5-haiku,2024-10-22,Anthropic,18.6646,10.6587,17.677,56.5161
Claude 3 Sonnet,claude-3-sonnet,2024-03-04,Anthropic,10.2703,,,
Claude 3 Haiku,claude-3-haiku,2024-03-04,Anthropic,12.2584,6.7165,7.0175,36.4377
Claude Instant,claude-instant,2023-03-14,Anthropic,7.4139,7.7554,,
Claude Opus 4.5,claude-opus-4-5,2025-11-24,Anthropic,43.0907,42.9363,59.2215,1391.7497
Claude Opus 4.6 (max),claude-opus-4-6-adaptive,2026-02-05,Anthropic,52.9492,48.092,67.5823,5231.0851
Claude 4.5 Sonnet,claude-4-5-sonnet-thinking,2025-09-29,Anthropic,43.0288,38.6293,51.7168,1584.7285
Claude 4.5 Sonnet,claude-4-5-sonnet,2025-09-29,Anthropic,37.1427,33.4666,50.6424,826.7922
Claude 3.7 Sonnet,claude-3-7-sonnet,2025-02-24,Anthropic,30.815,26.68,35.7318,524.7573
Claude 4.1 Opus,claude-4-1-opus-thinking,2025-08-05,Anthropic,42.0,36.5228,,
Claude 3.7 Sonnet,claude-3-7-sonnet-thinking,2025-02-24,Anthropic,34.7092,27.5673,36.999,0.0
Claude 4.1 Opus,claude-4-1-opus,2025-08-05,Anthropic,36.0,,,
Claude 4 Sonnet,claude-4-sonnet,2025-05-22,Anthropic,32.9972,30.6047,39.2061,568.2738
Claude 4 Sonnet,claude-4-sonnet-thinking,2025-05-22,Anthropic,38.6639,34.0558,43.0196,1348.9804
Claude 4 Opus,claude-4-opus-thinking,2025-05-22,Anthropic,39.0,33.9787,,
Claude 4 Opus,claude-4-opus,2025-05-22,Anthropic,33.0,,,
Claude Opus 4.6 (high),claude-opus-4-6,2026-02-05,Anthropic,46.4611,47.5624,64.2188,1745.7065
Claude Opus 4.5,claude-opus-4-5-thinking,2025-11-24,Anthropic,49.7271,47.8255,59.6447,2968.6905
Claude 2.1,claude-21,2023-11-21,Anthropic,9.3247,14.0194,,
Claude 2.0,claude-2,2023-07-11,Anthropic,9.0586,12.8597,,
Mistral Large 2 (Nov),mistral-large-2,2024-11-18,Mistral,15.0918,13.7626,10.2339,124.1492
Mistral Large 2 (Jul),mistral-large-2407,2024-07-24,Mistral,13.0331,,,
Pixtral Large,pixtral-large-2411,2024-11-18,Mistral,14.0002,,,
Mistral Small 3,mistral-small-3,2025-01-30,Mistral,12.6671,,,
Mistral Small (Sep),mistral-small,2024-09-17,Mistral,10.1788,,,
Mixtral 8x22B,mistral-8x22b-instruct,2024-04-17,Mistral,9.8442,,,
Mistral Small (Feb),mistral-small-2402,2024-02-26,Mistral,9.0395,,,
Mistral Large (Feb),mistral-large,2024-02-26,Mistral,9.9092,,,
Mixtral 8x7B,mixtral-8x7b-instruct,2023-12-11,Mistral,7.7312,,,
Mistral 7B,mistral-7b-instruct,2023-09-27,Mistral,7.4139,,,
Devstral Small (May),devstral-small-2505,2025-05-21,Mistral,18.0262,12.2194,25.1311,0.0
Mistral Medium 3.1,mistral-medium-3-1,2025-08-12,Mistral,21.2549,18.3361,25.2809,51.6518
Mistral Small 3.2,mistral-small-3-2,2025-06-20,Mistral,15.0667,13.3418,9.8441,19.1682
Magistral Medium 1,magistral-medium,2025-06-10,Mistral,18.7722,15.9564,15.726,0.0
Mistral Small 3.1,mistral-small-3-1,2025-03-17,Mistral,14.4822,13.8854,8.3821,48.0225
Mistral Saba,mistral-saba,2025-02-17,Mistral,12.129,,,
Devstral Small,devstral-small,2025-07-10,Mistral,15.2141,12.1423,14.2564,23.1026
Magistral Small 1,magistral-small,2025-06-10,Mistral,16.7916,11.055,,
Mistral Medium,mistral-medium,2023-12-11,Mistral,9.011,,,
Mistral Medium 3,mistral-medium-3,2025-05-07,Mistral,18.7575,13.5592,13.7362,40.2362
Devstral Medium,devstral-medium,2025-07-10,Mistral,18.6607,15.86,15.8436,67.3926
DeepSeek R1 Distill Llama 70B,deepseek-r1-distill-llama-70b,2025-01-20,DeepSeek,15.9502,11.4268,,
DeepSeek R1 Distill Qwen 32B,deepseek-r1-distill-qwen-32b,2025-01-20,DeepSeek,17.1667,,,
DeepSeek V3 (Dec),deepseek-v3,2024-12-26,DeepSeek,16.4596,16.351,8.8323,26.7813
DeepSeek R1 Distill Qwen 14B,deepseek-r1-distill-qwen-14b,2025-01-20,DeepSeek,15.8445,,,
DeepSeek-V2.5 (Dec),deepseek-v2-5,2024-12-10,DeepSeek,12.5116,,,
DeepSeek-Coder-V2,deepseek-coder-v2,2024-06-17,DeepSeek,10.6082,,,
DeepSeek R1 Distill Llama 8B,deepseek-r1-distill-llama-8b,2025-01-20,DeepSeek,12.1003,,,
DeepSeek LLM 67B (V1),deepseek-llm-67b-chat,2023-11-29,DeepSeek,8.3708,,,
DeepSeek R1 Distill Qwen 1.5B,deepseek-r1-distill-qwen-1-5b,2025-01-20,DeepSeek,9.0753,,,
DeepSeek V3 0324,deepseek-v3-0324,2025-03-25,DeepSeek,22.2792,22.0223,16.2622,59.2474
DeepSeek R1 (Jan),deepseek-r1-0120,2025-01-20,DeepSeek,18.8383,15.9452,3.8012,1608.8971
DeepSeek R1 0528,deepseek-r1,2025-05-28,DeepSeek,27.0706,24.032,20.8368,280.1059
DeepSeek V3.2,deepseek-v3-2-reasoning,2025-12-01,DeepSeek,41.7078,36.7003,52.9203,75.6823
DeepSeek V3.1 Terminus,deepseek-v3-1-terminus-reasoning,2025-09-22,DeepSeek,33.9299,33.7437,29.7671,277.7412
DeepSeek V3.2,deepseek-v3-2,2025-12-01,DeepSeek,32.0851,34.603,39.821,197.1876
DeepSeek V3.1,deepseek-v3-1-reasoning,2025-08-21,DeepSeek,27.7112,29.7068,18.8521,484.0101
DeepSeek V3.2 Exp,deepseek-v3-2-0925,2025-09-29,DeepSeek,28.4367,29.9769,31.0285,46.853
DeepSeek V3.1,deepseek-v3-1,2025-08-21,DeepSeek,28.1258,28.3916,31.9449,99.607
DeepSeek V3.1 Terminus,deepseek-v3-1-terminus,2025-09-22,DeepSeek,28.5201,31.8988,28.56,40.8934
DeepSeek-V2.5,deepseek-v2-5-sep-2024,2024-09-06,DeepSeek,12.3253,,,
DeepSeek V3.2 Speciale,deepseek-v3-2-speciale,2025-12-01,DeepSeek,29.4349,37.8928,0.0,
DeepSeek R1 0528 Qwen3 8B,deepseek-r1-qwen3-8b,2025-05-29,DeepSeek,16.4307,7.8002,,
DeepSeek V3.2 Exp,deepseek-v3-2-reasoning-0925,2025-09-29,DeepSeek,32.9448,33.2842,28.7319,39.0547
DeepSeek-V2,deepseek-v2,2024-05-06,DeepSeek,9.0586,,,
DeepSeek Coder V2 Lite,deepseek-coder-v2-lite,2024-06-17,DeepSeek,8.4795,,,
Sonar Reasoning,sonar-reasoning,2025-01-28,Perplexity,17.8777,,,
Sonar Reasoning Pro,sonar-reasoning-pro,2025-01-28,Perplexity,24.6211,,,
Sonar Pro,sonar-pro,2025-01-21,Perplexity,15.226,,,
Sonar,sonar,2025-01-21,Perplexity,15.4928,,,
Grok Beta,grok-beta,2024-08-13,xAI,13.2819,,,
Grok 3 mini Reasoning (high),grok-3-mini-reasoning,2025-02-19,xAI,32.0786,25.1578,31.1509,104.8919
Grok 4 Fast,grok-4-fast,2025-09-19,xAI,23.116,19.0376,31.9537,17.448
Grok 4 Fast,grok-4-fast-reasoning,2025-09-19,xAI,35.0573,27.3639,39.5139,35.9855
Grok 4.20 0309,grok-4-20-0309-non-reasoning,2026-03-10,xAI,29.6935,25.3718,37.7752,382.3447
Grok 4.1 Fast,grok-4-1-fast,2025-11-19,xAI,23.561,19.4725,32.9492,0.0
Grok Code Fast 1,grok-code-fast-1,2025-08-28,xAI,28.7445,23.6918,35.6255,0.0
Grok 3,grok-3,2025-02-19,xAI,25.1732,19.8443,24.6447,415.6072
Grok 2,grok-2-1212,2024-12-12,xAI,13.886,,,
Grok 4.20 0309,grok-4-20-0309,2026-03-10,xAI,48.4813,42.1647,50.8837,484.4217
Grok 4.1 Fast,grok-4-1-fast-reasoning,2025-11-19,xAI,38.6138,30.8993,49.3132,0.0
Grok 4.20 0309 v2,grok-4-20,2026-04-07,xAI,49.332,40.4531,53.8572,514.1593
Grok 4.20 0309 v2,grok-4-20-non-reasoning,2026-04-07,xAI,28.9933,22.0293,38.3075,425.9449
Grok 4,grok-4,2025-07-10,xAI,41.5204,40.4917,41.5015,2881.1519
Grok 3 Reasoning Beta,grok-3-reasoning,2025-02-19,xAI,21.6477,,,
OpenChat 3.5,openchat-35,2023-12-18,OpenChat,8.3203,,,
Nova Pro,nova-pro,2024-12-03,Amazon,13.4792,10.9848,4.6819,200.9843
Nova Lite,nova-lite,2024-12-03,Amazon,12.6513,5.1347,5.848,21.1647
Phi-3 Mini,phi-3-mini,2024-04-23,Microsoft,10.1008,3.0093,,
LFM 40B,lfm-40b,2024-09-30,Liquid AI,8.7608,,,
LFM2 1.2B,lfm2-1-2b,2025-07-10,Liquid AI,6.3342,0.8488,4.191,0.0
Solar Mini,solar-mini,2024-01-25,Upstage,11.9013,,,
Solar Pro 2 ,solar-pro-2-preview,2025-05-20,Upstage,15.9941,,,
Solar Pro 2,solar-pro-2-preview-reasoning,2025-05-20,Upstage,18.8093,,,
DBRX,dbrx,2024-03-27,Databricks,8.3159,,,
MiniMax-M2.5,minimax-m2-5,2026-02-12,MiniMax,41.933,37.4299,55.601,124.5803
MiniMax-M2,minimax-m2,2025-10-26,MiniMax,36.0873,29.2088,47.546,115.7639
MiniMax-M2.1,minimax-m2-1,2025-12-23,MiniMax,39.4197,32.7722,47.4009,114.4574
MiniMax M1 80k,minimax-m1-80k,2025-06-17,MiniMax,24.4328,14.4816,29.105,114.973
MiniMax M1 40k,minimax-m1-40k,2025-06-17,MiniMax,20.8562,14.1309,,
Llama 3.3 Nemotron Super 49B,llama-3-3-nemotron-super-49b-reasoning,2025-03-18,NVIDIA,18.4917,9.4136,,
Llama 3.3 Nemotron Super 49B,llama-3-3-nemotron-super-49b,2025-03-18,NVIDIA,14.3467,7.6389,,
Llama 3.1 Nemotron Nano 4B v1.1,llama-3-1-nemotron-nano-4b-reasoning,2025-05-20,NVIDIA,14.4337,,,
Kimi K2 Thinking,kimi-k2-thinking,2025-11-06,Kimi,40.8932,34.8274,47.9037,308.1505
Kimi K2.5,kimi-k2-5,2026-01-27,Kimi,46.8125,39.5518,58.9406,367.165
Kimi K2.5,kimi-k2-5-non-reasoning,2026-01-27,Kimi,37.2744,25.8207,52.8436,141.1167
Kimi K2 0905,kimi-k2-0905,2025-09-05,Kimi,30.8543,25.8803,37.7297,126.5651
Kimi K2,kimi-k2,2025-07-11,Kimi,26.3213,22.103,24.2746,180.8025
Step 3.5 Flash,step-3-5-flash-0202,2026-02-02,StepFun,37.7975,31.6401,52.0039,74.8008
Tulu3 405B,tulu3-405b,2025-01-30,Allen Institute for AI,14.1405,,,
OLMo 2 7B,olmo-2-7b,2024-11-26,Allen Institute for AI,9.2968,1.2346,,
OLMo 2 32B,olmo-2-32b,2025-03-13,Allen Institute for AI,10.5662,2.662,,
Olmo 3 32B Think,olmo-3-32b-think,2025-11-20,Allen Institute for AI,12.0901,10.5394,0.0,
Granite 3.3 8B,granite-3-3-8b-instruct,2025-04-16,IBM,6.9972,3.3565,3.5088,13.3633
Reka Flash,reka-flash,2024-10-04,Reka AI,11.9673,,,
Hermes 3 - Llama-3.1 70B,hermes-3-llama-3-1-70b,2024-08-15,Nous Research,10.6474,,,
MiMo-V2-Flash,mimo-v2-flash-reasoning,2025-12-16,Xiaomi,39.2421,31.8042,52.0958,47.486
MiMo-V2-Pro,mimo-v2-pro,2026-03-18,Xiaomi,49.2015,41.4317,62.8034,350.8655
Sarvam M,sarvam-m-reasoning,2025-05-23,Sarvam,8.3923,7.4565,0.0,
GLM-4.6,glm-4-6-reasoning,2025-09-30,Z AI,32.5136,29.4753,41.6129,191.5703
GLM-4.6V,glm-4-6v-reasoning,2025-12-08,Z AI,23.4231,19.7426,17.5128,185.4749
GLM-4.7,glm-4-7-non-reasoning,2025-12-22,Z AI,34.163,32.0076,54.3431,147.1413
GLM-5,glm-5-non-reasoning,2026-02-11,Z AI,40.5712,39.0327,60.2731,239.9913
GLM-4.7,glm-4-7,2025-12-22,Z AI,42.108,36.2584,55.007,478.0704
GLM-5,glm-5,2026-02-11,Z AI,49.7696,44.1814,63.1404,547.0392
GLM-4.5,glm-4.5,2025-07-28,Z AI,26.419,26.2591,16.202,408.4953
GLM-4.6,glm-4-6,2025-09-30,Z AI,30.2422,30.2259,42.8855,111.1159
GLM-4.5V,glm-4-5v,2025-08-11,Z AI,12.7403,10.7955,9.1754,203.4876
GLM-4.5-Air,glm-4-5-air,2025-07-28,Z AI,23.1661,23.8215,21.0061,93.377
GLM-4.7-Flash,glm-4-7-flash,2026-01-19,Z AI,30.1452,25.8733,45.983,40.0124
GLM-4.5V,glm-4-5v-reasoning,2025-08-11,Z AI,15.0932,10.9042,10.9113,226.995
GLM-4.6V,glm-4-6v,2025-12-08,Z AI,17.1004,11.0866,18.6901,61.1594
GLM-4.7-Flash,glm-4-7-flash-non-reasoning,2026-01-19,Z AI,22.069,11.0129,41.3955,22.1909
Command-R+ (Apr),command-r-plus-04-2024,2024-04-04,Cohere,8.3488,,,
Command-R (Mar),command-r-03-2024,2024-03-12,Cohere,7.4139,,,
Apriel-v1.5-15B-Thinker,apriel-v1-5-15b-thinker,2025-09-30,ServiceNow,28.3319,18.6834,,
Jamba 1.5 Large,jamba-1-5-large,2024-08-22,AI21 Labs,10.6951,,,
Jamba 1.5 Mini,jamba-1-5-mini,2024-08-22,AI21 Labs,8.0277,,,
Jamba 1.6 Mini,jamba-1-6-mini,2025-03-06,AI21 Labs,7.8708,,,
Jamba 1.6 Large,jamba-1-6-large,2025-03-06,AI21 Labs,10.5553,,,
Arctic,arctic-instruct,2024-04-24,Snowflake,8.8232,,,
Qwen2.5 Max,qwen-2-5-max,2025-01-28,Alibaba,16.2829,,,
Qwen2.5 72B,qwen2-5-72b-instruct,2024-09-19,Alibaba,15.5578,11.9423,,
Qwen2.5 Coder 32B,qwen2-5-coder-32b-instruct,2024-11-11,Alibaba,12.8656,,,
Qwen2.5 Turbo,qwen-turbo,2024-11-18,Alibaba,11.9736,,,
Qwen2 72B,qwen2-72b-instruct,2024-06-07,Alibaba,11.6625,,,
QwQ-32B,qwq-32b,2025-03-05,Alibaba,19.7242,,,
Qwen3 VL 235B A22B,qwen3-vl-235b-a22b-instruct,2025-09-23,Alibaba,20.7505,16.5053,19.1258,120.7411
Qwen3 32B,qwen3-32b-instruct-reasoning,2025-04-28,Alibaba,16.5266,13.8258,13.4523,35.0751
Qwen3 32B,qwen3-32b-instruct,2025-04-28,Alibaba,14.5323,,,
Qwen3 235B,qwen3-235b-a22b-instruct-reasoning,2025-04-28,Alibaba,19.7861,17.3506,18.4451,396.0858
Qwen3.5 27B,qwen3-5-27b,2026-02-24,Alibaba,42.069,34.873,54.6054,299.2611
Qwen3 VL 30B A3B,qwen3-vl-30b-a3b-reasoning,2025-10-03,Alibaba,19.6815,13.1418,14.8675,86.2319
Qwen3 14B,qwen3-14b-instruct-reasoning,2025-04-28,Alibaba,16.1876,13.0577,14.4328,71.2173
Qwen3 235B,qwen3-235b-a22b-instruct,2025-04-28,Alibaba,16.965,13.9941,19.2251,103.6715
Qwen3.5 35B A3B,qwen3-5-35b-a3b,2026-02-24,Alibaba,37.1222,30.2539,44.1091,301.6972
Qwen3 VL 32B,qwen3-vl-32b-instruct,2025-10-21,Alibaba,17.1906,15.5864,9.7466,275.3601
Qwen3 235B 2507,qwen3-235b-a22b-instruct-2507,2025-07-21,Alibaba,24.9606,22.0995,22.8276,71.808
Qwen3 Coder 480B,qwen3-coder-480b-a35b-instruct,2025-07-22,Alibaba,24.771,24.5861,18.3058,158.5286
Qwen3 Coder 30B A3B,qwen3-coder-30b-a3b-instruct,2025-07-31,Alibaba,19.9773,19.3603,21.0875,29.2907
Qwen3 235B A22B 2507,qwen3-235b-a22b-instruct-2507-reasoning,2025-07-25,Alibaba,29.5444,23.2113,29.6926,157.6165
Qwen3 VL 30B A3B,qwen3-vl-30b-a3b-instruct,2025-10-03,Alibaba,16.0469,14.3027,9.4698,116.6141
Qwen3 4B,qwen3-4b-instruct,2025-04-28,Alibaba,12.4918,,,
Qwen3 8B,qwen3-8b-instruct,2025-04-28,Alibaba,10.6326,7.1093,11.5556,34.734
Qwen3 30B,qwen3-30b-a3b-instruct-reasoning,2025-04-28,Alibaba,15.2761,11.0059,12.0797,23.5766
Qwen3 0.6B,qwen3-0.6b-instruct,2025-04-28,Alibaba,5.6752,1.3503,4.8733,21.3427
Qwen3 Max Thinking (Preview),qwen3-max-thinking-preview,2025-11-03,Alibaba,32.4841,24.502,43.0317,293.3531
Qwen3 4B,qwen3-4b-instruct-reasoning,2025-04-28,Alibaba,14.2207,,,
Qwen1.5 Chat 110B,qwen1.5-110b-chat,2024-04-25,Alibaba,9.5482,,,
Qwen3 4B 2507,qwen3-4b-2507-instruct-reasoning,2025-08-06,Alibaba,18.176,9.5363,14.5566,0.0
Qwen3 1.7B,qwen3-1.7b-instruct,2025-04-28,Alibaba,6.7551,2.3148,7.2125,15.7705
Qwen3 VL 32B,qwen3-vl-32b-reasoning,2025-10-21,Alibaba,24.7151,14.5412,23.4038,971.5924
Qwen3 VL 235B A22B,qwen3-vl-235b-a22b-reasoning,2025-09-23,Alibaba,27.6424,20.8859,27.0189,346.4316
Qwen3 8B,qwen3-8b-instruct-reasoning,2025-04-28,Alibaba,13.1756,9.0383,12.6074,52.459
Qwen3 0.6B,qwen3-0.6b-instruct-reasoning,2025-04-28,Alibaba,6.4729,0.9259,7.0175,30.4182
Qwen3 VL 8B,qwen3-vl-8b-reasoning,2025-10-14,Alibaba,16.6631,9.8169,15.5692,148.481
Qwen3 1.7B,qwen3-1.7b-instruct-reasoning,2025-04-28,Alibaba,7.9576,1.4275,8.6745,52.5347
Qwen2.5 Instruct 32B,qwen2.5-32b-instruct,2024-09-19,Alibaba,13.2365,,,
Qwen3 Max,qwen3-max,2025-09-23,Alibaba,31.377,26.4064,43.0085,257.8467
Qwen3 14B,qwen3-14b-instruct,2025-04-28,Alibaba,12.7584,12.3702,13.598,18.7911
Qwen3 30B A3B 2507,qwen3-30b-a3b-2507-reasoning,2025-07-30,Alibaba,22.4131,14.6465,17.7071,117.5333
QwQ 32B-Preview,QwQ-32B-Preview,2024-11-27,Alibaba,15.174,,,
Qwen3 4B 2507,qwen3-4b-2507-instruct,2025-08-06,Alibaba,12.8771,9.0488,8.8694,0.0
Qwen3 30B A3B 2507,qwen3-30b-a3b-2507,2025-07-29,Alibaba,15.0011,14.187,7.0964,53.635
Qwen Chat 72B,qwen-chat-72b,2023-11-30,Alibaba,8.8232,,,
Qwen3 VL 8B,qwen3-vl-8b-instruct,2025-10-14,Alibaba,14.3014,7.3022,18.441,72.7349
Qwen3 VL 4B,qwen3-vl-4b-instruct,2025-10-14,Alibaba,9.554,4.5525,7.7973,0.0
Qwen3 VL 4B,qwen3-vl-4b-reasoning,2025-10-14,Alibaba,13.7299,6.72,14.3506,0.0
Qwen2.5 Coder 7B ,qwen2-5-coder-7b-instruct,2024-09-19,Alibaba,9.9825,,,
Qwen3 30B,qwen3-30b-a3b-instruct,2025-04-28,Alibaba,12.527,13.3418,7.4074,10.7777
Qwen3.5 27B,qwen3-5-27b-non-reasoning,2026-02-24,Alibaba,37.1787,33.4421,51.4903,128.3653
Qwen3 Max (Preview),qwen3-max-preview,2025-09-05,Alibaba,26.0841,25.477,23.3204,249.5125
Qwen3 Max Thinking,qwen3-max-thinking,2026-01-26,Alibaba,39.8488,30.5135,50.1296,668.5367
Qwen3.6 Max Preview,qwen3-6-max,2026-04-20,Alibaba,51.814,44.9179,64.8295,860.5646
Ling-1T,ling-1t,2025-10-08,InclusionAI,19.0441,18.7991,11.8412,0.0
Ring-1T,ring-1t,2025-10-13,InclusionAI,22.7762,16.7754,18.3095,0.0
Ling-flash-2.0,ling-flash-2-0,2025-09-17,InclusionAI,15.7441,16.7158,8.3474,16.7336
Seed-OSS-36B-Instruct,seed-oss-36b-instruct,2025-08-20,ByteDance Seed,25.1572,16.6982,27.7301,53.0465
